###;States;Params;Trial;Time;Distance;Iterations;ResFit;GoalFit;MissFitFlag;Alg
1011;8;9;1010;199,701;0,036;627;3,041;0,792;1;0
3556;6;7;6;3,32118988;0,067888698;4;0,310558175;0,6;0;2
4096;9;10;6;35,09000683;1,263342719;7;0,469886162;0,9;0;2
490;6;5;489;199,924;0,024;1596;1,273;0,594;1;0
1447;10;1;1446;1,77;0,021;20;0,932;0,99;0;0
6652;8;11;3;32,72687197;1,475839627;3;0,193596646;0,8;0;4
203;4;5;202;199,936;0,072;2386;0,64;0,396;1;0
4222;9;2;11;0;0,050567776;1;0,51742914;0,9;0;2
1836;10;2;5;2,82116127;0,628861558;9;0,740236208;1;0;1
5191;7;4;1;13,61677837;0,014306909;2;0,153666467;0,7;0;3
5180;7;4;0;199,999;0,014814982;253;1,001055665;0,7;1;3
826;7;12;825;199,739;0,072;617;1,044;0,693;1;0
3271;4;6;1;6,402366161;0,625347237;6;0,361707384;0,4;0;2
5114;7;10;4;22,780303;1,142422005;5;0,37105308;0,7;0;3
1751;10;16;1750;199,575;0,03;299;1,54;0,99;1;0
2383;6;6;12;101,9738326;0,185694289;8;0,427473087;0,6;0;1
394;5;8;393;199,94;0,038;1292;0,621;0,495;1;0
5540;9;10;10;37,05611944;1,32881017;5;0,812485877;0,9;0;3
4490;10;15;19;24,88942337;1,314575537;4;0,970530801;1;0;3
4035;8;7;5;17,09397793;1,203052579;11;0,731499104;0,8;0;2
665;7;4;664;5,465;0,063;41;0,659;0,693;0;0
5035;6;6;5;3,353191853;0,324671221;2;0,303698132;0,6;0;3
5607;9;13;17;31,59580755;0,970822301;5;0,608371195;0,9;0;3
5353;8;12;4;148,9185181;1,036870459;9;0,739319637;0,8;0;3
3322;5;4;11;0;0,044930446;1;0,23338002;0,5;0;2
4786;4;5;15;0;0,089421052;1;0,21483929;0,4;0;3
3674;7;2;4;0,47002697;0,011133993;2;0,114754938;0,7;0;2
4687;10;9;16;9,339534283;0,949148131;3;0,617639472;1;0;3
511;6;6;510;7,124;0,02;48;0,582;0,594;0;0
3876;8;12;6;32,21484232;1,012560881;7;0,77053113;0,8;0;2
4060;8;9;0;10,66060972;0,897446909;7;0,612145943;0,8;0;2
4653;10;7;3;12,05368948;0,381758523;3;0,45122793;1;0;3
870;8;2;869;0,565;0,006;5;0,477;0,792;0;0
3470;6;3;19;0;0,150561256;1;0,58860228;0,6;0;2
641;7;3;640;6,466;0,038;62;0,691;0,693;0;0
4045;8;8;14;3,143179893;0,687698188;3;0,519053153;0,8;0;2
5700;9;4;10;3,489199638;0,427196148;2;0,423019173;0,9;0;3
6307;6;10;17;7,709441185;0,605456822;2;0,374080381;0,6;0;4
4977;6;3;7;0;0,011035155;1;0,3597108;0,6;0;3
4806;4;6;15;11,55966139;0,096929755;3;0,219145147;0,4;0;3
1432;9;16;1431;19,096;0,084;32;0,859;0,891;0;0
6253;5;6;4;0;0,228084201;1;0,417160085;0,5;0;4
4747;4;3;16;2,29113102;0,009982076;3;0,014008011;0,4;0;3
4668;10;8;17;25,57346249;0,233866581;3;0,757375525;1;0;3
5553;9;10;4;27,22355747;1,027739522;6;0,784073127;0,9;0;3
520;6;6;519;108,481;0,056;693;0,593;0,594;0;0
7030;9;6;1;38,54020405;0,250894739;3;0,498002358;0,9;0;4
5483;8;7;13;18,95008373;0,229073622;4;0,572306472;0,8;0;3
6354;6;5;5;0;0,067667511;1;0,536261032;0,6;0;4
3524;6;6;13;4,411252022;0,501444515;5;0,064145595;0,6;0;2
5780;9;8;10;19,70612717;1,210638934;4;0,869602302;0,9;0;3
759;7;8;758;199,885;0,037;850;0,836;0,693;1;0
4798;4;5;8;2,283130646;0,013434774;2;0,300450061;0,4;0;3
6973;9;16;4;121,7619643;1,328861773;4;0,563445319;0,9;0;4
6384;6;7;14;10,62560749;0,880887344;2;0,509601525;0,6;0;4
2305;6;2;14;0,85104847;0,075574495;6;0,511194058;0,6;0;1
6745;8;5;15;0;0,018314731;1;0,409459846;0,8;0;4
4537;10;17;7;64,6166954;1,4040211;8;0,984251794;1;0;3
5467;8;6;17;0;0,060155478;1;0,295576139;0,8;0;3
3012;10;5;2;199,999;0,145182661;96;3,408181194;1;1;2
3875;8;12;5;12,3987093;1,449355503;6;0,534071289;0,8;0;2
5190;7;4;19;0;0,062531898;1;0,103070609;0,7;0;3
2148;4;6;16;45,32259226;1,071145459;6;0,382871051;0,4;0;1
3493;6;4;3;8,25947237;0,02054907;3;0,08689545;0,6;0;2
692;7;5;691;1,56;0,014;9;0,615;0,693;0;0
1480;10;2;1479;4,037;0,038;32;0,986;0,99;0;0
4316;9;6;6;7,627436161;0,089256545;6;0,196352754;0,9;0;2
2099;4;3;8;1,655094624;0,032685319;6;0,198171131;0,4;0;1
2854;10;14;4;130,7704797;1,223654237;11;0,867389589;1;0;2
916;8;4;915;1,532;0,016;9;0,775;0,792;0;0
3202;4;3;11;0,572032928;0,056577457;2;0,26013563;0,4;0;2
5437;8;4;8;3,007172108;0,860066789;2;0,402632559;0,8;0;3
3992;8;5;2;14,99885798;0,550042371;6;0,767997108;0,8;0;2
2527;8;1;16;0,375021458;0,021354;5;0,104066524;0,8;0;1
946;8;6;945;11,668;0,066;54;0,791;0,792;0;0
3499;6;4;9;199,999;0,013305267;16;1,267422837;0,6;1;2
3398;5;7;8;3,449197292;0,93412231;3;0,136148098;0,5;0;2
2415;7;1;5;0,157009125;0,002701;3;0,015550116;0,7;0;1
3205;4;3;14;0,25501442;0,00706312;2;0,130471004;0,4;0;2
1825;10;2;13;1,418081284;0,049589373;5;0,901621739;1;0;1
1579;10;7;1578;166,504;0,061;526;0,99;0,99;0;0
6588;7;8;18;7,42642498;0,095802494;2;0,372683361;0,7;0;4
5076;6;8;6;3,428195953;0,656486974;2;0,553026185;0,6;0;3
1590;10;8;1589;3,888;0,015;10;0,948;0,99;0;0
3263;4;6;12;8,541488647;0,165603809;13;0,073886683;0,4;0;2
1877;10;4;6;12,19769764;0,014863235;5;0,90725243;1;0;1
427;6;2;426;76,643;0,024;1149;0,594;0,594;0;0
5657;9;15;8;26,85753632;1,519960085;5;0,455215848;0,9;0;3
3052;10;7;2;199,999;1,028809579;13;3,184457313;1;1;2
1681;10;13;1680;84,447;0,068;153;0,967;0,99;0;0
518;6;6;517;5,309;0,034;35;0,588;0,594;0;0
836;7;12;835;199,772;0,026;616;0,971;0,693;1;0
5864;10;12;14;199,999;0,738214206;5;1,165426097;1;1;4
6677;8;12;8;93,35833979;0,868647418;4;0,568124696;0,8;0;4
4506;10;16;15;4,473256111;0,319653788;2;0,638330231;1;0;3
5412;8;3;3;0;0,738117091;1;0,540762054;0,8;0;3
2552;8;2;2;1,678095818;0,010830702;7;0,670156463;0,8;0;1
815;7;11;814;6,251;0,029;20;0,588;0,693;0;0
6829;8;9;19;32,8368783;1,123318765;4;0,264533477;0,8;0;4
1949;2;2;17;0,21501255;0,013197082;6;0,078848062;0,2;0;1
4635;10;6;5;9,155523777;0,100944511;4;0,3917615;1;0;3
3107;2;2;16;0;0,01341051;1;0,026389653;0,2;0;2
6135;3;4;6;2,722155571;0,015793278;2;0,098172346;0,3;0;4
2641;9;1;10;0;0,009115;1;0,072417335;0,9;0;1
2000;3;2;9;0,794045448;0,004545409;11;0,03586954;0,3;0;1
6413;6;8;4;7,664438248;0,938709393;2;0,302793757;0,6;0;4
1773;10;17;1772;143,564;0,111;203;0,982;0,99;0;0
2787;10;11;16;39,66926908;0,998121752;7;0,727596323;1;0;2
1806;10;1;14;0,238013744;0,003307;3;0,002862074;1;0;1
537;6;7;536;1,701;0,022;9;0,57;0,594;0;0
7091;9;9;2;48,40876913;0,798472912;5;0,76612057;0,9;0;4
2064;4;2;12;0,335019588;0,705360792;4;0,224515379;0,4;0;1
5996;10;18;7;199,999;1,145671544;6;1,080535837;1;1;4
3895;8;13;5;18,40305281;0,938968889;9;0,519849661;0,8;0;2
4923;5;8;12;3,843219757;0,140273544;2;0,174452772;0,5;0;3
2447;7;3;16;0,704040527;0,01210002;2;0,472128191;0,7;0;1
3857;8;11;7;59,4333992;1,422621111;8;0,2597151;0,8;0;2
342;5;6;341;199,955;0,056;1652;1,487;0,495;1;0
3696;7;3;6;4,638265133;0,01228574;3;0,034240296;0,7;0;2
3076;10;8;6;25,64646673;0,940301701;7;0,611016919;1;0;2
5614;9;13;5;192,7360239;1,324889515;7;0,829896889;0,9;0;3
6641;8;11;11;72,09912395;0,992398267;5;0,562284304;0,8;0;4
34;2;2;33;0,115;0,005;5;0,154;0,198;0;0
5834;10;10;5;15,30687523;0,647307926;2;0,326811707;1;0;4
3488;6;4;17;1,604091644;0,720878143;2;0,108919714;0,6;0;2
891;8;3;890;0,372;0,004;2;0,68;0,792;0;0
600;6;10;599;43,838;0,049;193;0,589;0,594;0;0
1658;10;11;1657;2,827;0,02;5;0,971;0,99;0;0
4337;9;7;7;199,999;0,761946616;341;8,589745499;0,9;1;2
2416;7;1;6;0,076004505;0,004861;2;0,574668155;0,7;0;1
5930;10;15;1;70,21501589;0,662568292;4;0,935255154;1;0;4
4570;10;3;19;0;0,076522559;1;0,067752472;1;0;3
4109;9;11;18;5,107292175;0,708201595;3;0,402024857;0,9;0;2
6183;4;6;13;16,95897007;0,644443706;2;0,078563886;0,4;0;4
2394;6;6;4;199,999;1,209518037;16;0,535698228;0,6;1;1
3711;7;4;1;5,111292362;0,014306909;5;0,374668802;0,7;0;2
6023;10;5;13;23,89936733;0,209140275;3;0,594612892;1;0;4
6434;6;9;5;31,91082525;0,103046919;3;0,38867218;0,6;0;4
6901;9;13;11;162,2042775;1,707585272;7;0,544301918;0,9;0;4
5937;10;15;8;107,3791418;0,864551864;4;0,730053718;1;0;4
6819;8;9;0;39,00123072;0,897446909;3;0,071034603;0,8;0;4
1832;10;2;1;0,354020119;0,01954147;2;0,888708485;1;0;1
1145;9;2;1144;0;0;0;0,036;0,891;0;0
109;3;4;108;5,093;0,017;101;0,293;0,297;0;0
1895;10;5;4;199,999;1,017513331;26;0,704902898;1;1;1
1470;10;2;1469;2,81;0,013;22;0,898;0,99;0;0
461;6;4;460;2,267;0,025;19;0,555;0,594;0;0
6660;8;12;10;0;0,975148704;1;0,104258428;0,8;0;4
666;7;4;665;2,417;0,023;18;0,585;0,693;0;0
5164;7;3;13;0;0,022905911;1;0,069604103;0,7;0;3
122;4;1;121;0,181;0,006;5;0,089;0,396;0;0
3828;8;10;17;44,02651834;1,148858436;10;0,795069486;0,8;0;2
5274;7;8;4;30,80276203;0,157504371;8;0,686333068;0,7;0;3
3780;7;8;0;151,1166434;0,515640628;20;0,208938545;0,7;0;2
3570;6;8;19;6,61537838;0,833058553;7;0,588200932;0,6;0;2
2788;10;11;17;6,782387733;0,639570001;4;0,739215545;1;0;2
4859;5;4;9;5,900337696;0,007361405;4;0,469629138;0,5;0;3
697;7;5;696;3,954;0,019;25;0,68;0,693;0;0
3366;5;6;15;11,621665;0,588961762;9;0,499255113;0,5;0;2
2734;9;5;4;199,999;0,112645211;29;0,856730133;0,9;1;1
2297;6;1;7;0,284016132;0,069186;6;0,157762199;0,6;0;1
1655;10;11;1654;29,302;0,028;61;0,98;0,99;0;0
2972;10;3;2;34,0049448;1,036468755;6;0,843496311;1;0;2
811;7;11;810;4,778;0,019;15;0,651;0,693;0;0
6527;7;5;17;6,028345108;0,060288617;2;0,141980688;0,7;0;4
1526;10;5;1525;65,811;0,168;275;0,983;0,99;0;0
2182;5;2;11;0,696039677;0,983386629;6;0,406572953;0,5;0;1
1109;8;14;1108;113,944;0,05;253;0,792;0,792;0;0
6234;5;5;5;0;0,077480721;1;0,440998218;0,5;0;4
4795;4;5;5;4,171238422;0,048923957;2;0,040759612;0,4;0;3
6092;10;8;3;17,31299019;1,288093023;2;0,351697462;1;0;4
1972;3;1;1;0;0,009146;1;0,128494612;0,3;0;1
1183;9;4;1182;199,985;0,092;1144;1,369;0,891;1;0
4513;10;16;3;86,14692736;1,117244277;6;0,654323582;1;0;3
2244;5;5;13;11,44465446;0,089905466;4;0,444214227;0,5;0;1
670;7;4;669;40,168;0,025;315;0,691;0,693;0;0
918;8;4;917;92,168;0,033;601;0,787;0,792;0;0
4906;5;7;15;1,767101288;0,586293006;2;0,245266963;0,5;0;3
6561;7;7;11;23,8213625;0,086404125;3;0,234237469;0,7;0;4
1974;3;1;3;0,054002762;0,002261;3;0,027880736;0,3;0;1
4659;10;7;9;104,2769642;0,943009405;7;0,889767268;1;0;3
1871;10;4;19;30,35473633;0,995553241;11;0,919550759;1;0;1
6143;4;4;13;0;0,016577308;1;0,163828012;0,4;0;4
4831;5;3;1;199,999;0,008917209;429;1,715466507;0,5;1;3
4941;6;10;10;61,52051878;0,089514972;31;0,011608535;0,6;0;3
3824;8;10;13;22,66029596;1,440250024;6;0,771397511;0,8;0;2
4054;8;8;4;14,52183056;0,744608208;7;0,4559557;0,8;0;2
4939;5;8;9;0;0,388990968;1;0,155009066;0,5;0;3
5047;6;7;16;14,26781607;0,020187597;18;0,325332726;0,6;0;3
61;3;2;60;199,976;0,016;6355;0,319;0,297;1;0
3591;6;9;1;7,527430534;0,065745214;4;0,331298927;0,6;0;2
2926;10;18;15;87,34499598;1,073351871;13;0,508216816;1;0;2
2126;4;5;14;24,04637527;1,051245495;9;0,208798574;0,4;0;1
4240;9;3;0;2,472141266;0,047052497;2;0,10350133;0,9;0;2
7010;9;5;1;15,21287012;0,080865814;2;0,758617919;0,9;0;4
5741;9;6;11;22,20927;1,154220628;7;0,869738045;0,9;0;3
1451;10;1;1450;0;0;0;0,987;0,99;0;0
3507;6;5;16;1,12206459;0,591630582;2;0,342933006;0,6;0;2
264;5;2;263;0,713;0,011;12;0,313;0,495;0;0
4355;9;8;5;20,56417608;1,15467445;7;0,850432781;0,9;0;2
79;3;2;78;0,338;0,009;10;0,178;0,297;0;0
545;6;8;544;199,998;0,033;1066;1,74;0,594;1;0
694;7;5;693;14,706;0,021;96;0,69;0,693;0;0
1354;9;12;1353;34,337;0,165;76;0,881;0,891;0;0
3483;6;4;12;199,999;0,014797991;15;2,602986379;0,6;1;2
2988;10;4;17;4,648265839;0,050275082;4;0,204330756;1;0;2
2154;4;6;3;118,3097672;0,118275888;14;0,454150555;0,4;1;1
1409;9;15;1408;199,714;0,037;364;1,53;0,891;1;0
6080;10;8;10;14,50382996;1,110301779;2;0,531107569;1;0;4
3431;6;10;1;13,92579651;0,197119857;7;0,524623025;0,6;0;2
4568;10;3;17;0;0,414143638;1;0,286152594;1;0;3
3296;5;2;6;0;0,015801678;1;0,15214841;0,5;0;2
3634;7;11;4;49,09280777;0,919882429;9;0,61436585;0,7;0;2
1623;10;10;1622;199,747;0,06;461;2,695;0,99;1;0
6610;7;9;1;21,95525599;0,459026609;2;0,101130949;0,7;0;4
5626;9;14;16;27,45057011;0,826469294;3;0,218308906;0,9;0;3
3323;5;4;12;1,774101257;0,066569572;3;0,091004395;0,5;0;2
3445;6;2;14;0;0,075574495;1;0,301116086;0,6;0;2
3941;8;3;10;0,82904768;0,009146414;2;0,698344361;0,8;0;2
6111;10;9;2;54,66912699;1,213060094;3;0,250823557;1;0;4
970;8;7;969;34,426;0,074;134;0,784;0,792;0;0
2653;9;1;3;0,491028309;0,06281;6;0,194933471;0,9;0;1
6871;9;11;2;199,999;0,636785091;9;2,71218219;0,9;1;4
3215;4;3;5;1,038059711;0,076125025;3;0,317616971;0,4;0;2
1356;9;12;1355;3,108;0,018;6;0,878;0,891;0;0
4829;5;3;18;0;0,434365612;1;0,127914518;0,5;0;3
5915;10;14;6;40,9803443;0,838101645;3;0,325655787;1;0;4
6501;7;4;11;7,329419136;0,014668531;2;0,153018238;0,7;0;4
2041;4;1;0;0,147008419;0,007377;5;0,047285438;0,4;0;1
5329;8;11;19;88,96508837;0,956217137;7;0,747571605;0,8;0;3
1919;10;6;8;199,999;0,568955646;10;0,369513261;1;1;1
6846;9;10;16;60,99448872;0,788666341;5;0,667877454;0,9;0;4
2493;7;5;3;26,62052298;0,724330995;5;0,313511928;0,7;0;1
434;6;2;433;0,536;0,011;7;0,271;0,594;0;0
2987;10;4;16;8,238471508;0,134631743;3;0,473971831;1;0;2
5947;10;16;17;142,401145;1,091334463;4;0,6462478;1;0;4
5034;6;6;4;102,7518773;1,209518037;9;0,511754744;0,6;0;3
67;3;2;66;5,548;0,026;180;0,279;0,297;0;0
2227;5;4;16;8,882508278;0,754408858;8;1,792241633;0,5;1;1
197;4;4;196;1,317;0,016;17;0,359;0,396;0;0
1854;10;3;3;16,7619586;0,736555184;17;0,935299284;1;0;1
5304;8;10;13;27,21755648;1,440250024;5;0,440001416;0,8;0;3
2123;4;5;11;6,024344444;0,014652268;3;0,332449166;0,4;0;1
4703;3;3;12;199,999;0,580200312;731;0,530820828;0,3;1;3
3837;8;10;7;199,999;0,587846881;17;1,276335628;0,8;1;2
736;7;7;735;199,88;0,032;973;3,906;0,693;1;0
4428;10;12;17;60,51546144;0,910627157;5;0,970860535;1;0;3
4878;5;5;8;14,19781208;0,726085649;3;0,453762223;0,5;0;3
3259;4;5;9;2,206126213;0,034342163;4;0,185086383;0,4;0;2
1784;10;18;1783;199,655;0,058;268;1,325;0,99;1;0
538;6;7;537;8,916;0,028;52;0,592;0,594;0;0
6763;8;6;13;6,985399723;0,014184485;2;0,733334915;0,8;0;4
5914;10;14;5;186,1136451;1,250467889;8;0,923726078;1;0;4
5182;7;4;11;0;0,014668531;1;0,42020272;0,7;0;3
5331;8;11;2;30,22872925;0,384702777;6;0,596086647;0,8;0;3
6959;9;16;0;63,60763788;1,543587477;3;0,346672702;0,9;0;4
1547;10;6;1546;199,803;0,223;720;2,211;0,99;1;0
4565;10;3;14;0;0,380018445;1;0,106620732;1;0;3
3552;6;7;2;66,50080347;0,699197163;18;0,593130563;0,6;0;2
646;7;3;645;1,439;0,014;13;0,405;0,693;0;0
286;5;3;285;0,65;0,013;8;0,414;0,495;0;0
4679;10;8;9;8,622493267;0,082833353;4;0,68714639;1;0;3
3252;4;5;2;16,54394627;0,571295008;8;0,004934917;0,4;0;2
115;3;4;114;0,35;0,011;6;0,18;0,297;0;0
733;7;7;732;2,886;0,018;13;0,693;0,693;0;0
1410;9;15;1409;15,827;0,05;28;0,889;0,891;0;0
4711;3;3;1;0,74804306;0,043071849;2;0,066963987;0,3;0;3
6339;6;5;0;0;0,089350423;1;0,588212519;0,6;0;4
4976;6;3;6;13,18975449;0,08620919;5;0,137433946;0,6;0;3
1296;9;9;1295;199,941;0,086;581;2,205;0,891;1;0
2872;10;15;2;199,999;1,265634212;10;1,034912568;1;1;2
2920;10;18;0;59,91742659;1,05334907;8;0,826944598;1;0;2
1452;10;1;1451;0;0;0;0,843;0,99;0;0
4517;10;16;7;74,92428541;0,14710303;5;0,768907011;1;0;3
753;7;8;752;8,361;0,019;33;0,69;0,693;0;0
2876;10;15;6;22,5912919;0,588922397;4;0,652398387;1;0;2
2360;6;5;0;80,29459286;0,089350423;18;0,412836745;0,6;0;1
5692;9;3;3;2,621150017;0,039902515;2;0,383654477;0,9;0;3
1464;10;2;1463;0,73;0,007;5;0,842;0,99;0;0
4128;9;12;17;81,76267624;0,062234863;12;0,878332472;0,9;0;2
2075;4;2;4;0,663037777;0,011440598;7;1,086832849;0,4;1;1
702;7;6;701;11,61;0,098;65;0,663;0,693;0;0
2171;5;1;1;0;0,008149;1;0,003600305;0,5;0;1
3457;6;2;7;0;0,572328356;1;0,272207297;0,6;0;2
2831;10;13;1;61,69252872;0,949841763;9;0,890669993;1;0;2
1094;8;13;1093;52,517;0,024;118;0,789;0,792;0;0
3171;3;4;1;0,64403677;0,063265774;2;0,274870086;0,3;0;2
377;5;7;376;134,178;0,028;946;0,495;0,495;0;0
1805;10;1;13;0,708040237;0,228194;7;0,420574466;1;0;1
3314;5;3;4;0;0,010877778;1;0,237871419;0,5;0;2
5772;9;7;3;19,89513779;0,057498764;6;0,700879192;0,9;0;3
5495;8;7;6;97,54757929;1,314093441;7;0,702394834;0,8;0;3
3492;6;4;2;0,770044327;0,084110617;2;0,200643115;0,6;0;2
1759;10;16;1758;199,512;0,043;299;1,503;0,99;1;0
1968;3;1;16;0,027001381;0,006394;2;4,63E-06;0,3;0;1
4153;9;13;3;19,83913469;0,712206557;6;0,496569219;0,9;0;2
1213;9;5;1212;199,814;0,049;958;1,284;0,891;1;0
2615;8;5;5;30,13872385;0,083873474;5;0,376554947;0,8;0;1
6681;8;13;11;143,8782296;0,892141344;12;0,793857194;0,8;0;4
2036;3;4;5;14,3448205;0,330286934;21;0,097383169;0,3;0;1
6244;5;6;14;6,268358231;0,036130846;3;0,143540267;0,5;0;4
4446;10;13;15;17,85502148;0,13165249;4;0,824687047;1;0;3
1065;8;12;1064;151,027;0,167;382;0,79;0,792;0;0
3233;4;4;3;0,640036583;0,018428435;3;0,048607553;0,4;0;2
6395;6;7;6;18,40905285;0,067888698;4;0,318700231;0,6;0;4
2464;7;4;13;4,303246498;0,012606853;3;0,152815858;0,7;0;1
2336;6;3;6;3,131179333;0,08620919;7;1,271186929;0,6;1;1
1761;10;17;1760;42,233;0,022;59;0,975;0,99;0;0
2194;5;2;4;0,142007828;0,01061026;2;0,307967144;0,5;0;1
2672;9;2;2;1,777101517;0,09021557;7;0,139271192;0,9;0;1
800;7;10;799;199,947;0,035;728;1,187;0,693;1;0
140;4;1;139;0,029;0,002;0;0,411;0,396;1;0
3158;3;3;8;2,094119549;0,014127655;3;0,180297265;0,3;0;2
3254;4;5;4;11,7856741;0,761187933;9;0,292487202;0,4;0;2
3074;10;8;4;199,999;0,849882805;36;2,002467189;1;1;2
6808;8;8;18;199,999;0,090103236;8;0,695514621;0,8;1;4
5785;9;8;15;105,8970571;0,104808545;6;0,581213099;0,9;0;3
381;5;8;380;131,339;0,033;851;0,494;0,495;0;0
530;6;7;529;10,761;0,027;64;0,593;0,594;0;0
2547;8;2;16;1,97311306;0,384893406;8;0,725631275;0,8;0;1
6209;5;4;19;4,099234104;0,067581467;2;0,071747728;0,5;0;4
5301;8;10;10;14,94485474;1,006308534;3;0,285438571;0,8;0;3
445;6;3;444;0,597;0,007;6;0,314;0,594;0;0
159;4;2;158;0,339;0,009;7;0,286;0,396;0;0
1286;9;9;1285;199,952;0,038;581;1,311;0,891;1;0
4745;4;3;14;0;0,00706312;1;0,352151808;0,4;0;3
6378;6;6;9;91,84925318;0,02561253;5;0,404740403;0,6;0;4
2366;6;5;15;95,85248232;0,766032909;21;0,592264142;0,6;0;1
6139;4;4;0;0;0,085515237;1;0,342547063;0,4;0;4
3910;8;14;19;41,41636848;1,43693861;7;0,200907197;0,8;0;2
3183;4;2;12;0;0,705360792;1;0,150908562;0,4;0;2
1154;9;2;1153;0,539;0,006;4;0,567;0,891;0;0
2294;6;1;4;0,284016132;0,070382;6;0,165780701;0,6;0;1
1726;10;15;1725;199,746;0,058;318;1,138;0,99;1;0
6572;7;7;3;12,79573202;0,593317756;2;0,305825138;0,7;0;4
223;4;6;222;183,605;0,033;1855;0,396;0,396;0;0
5608;9;13;18;199,999;0,736523882;23;1,330544707;0,9;1;3
6927;9;14;17;69,70098686;1,542646634;6;0,299821578;0,9;0;4
4166;9;14;15;199,999;0,937500863;10;0,733963425;0,9;1;2
1991;3;2;19;0,23701334;0,007105598;4;0,064755263;0,3;0;1
3079;10;8;9;4,781273365;0,082833353;3;0,26535658;1;0;2
1535;10;5;1534;199,879;0,093;836;2,386;0,99;1;0
1793;10;18;1792;72,114;0,056;96;0,981;0,99;0;0
6905;9;13;15;173,679934;0,584651188;5;0,591472557;0,9;0;4
447;6;3;446;28,452;0,04;330;0,592;0,594;0;0
366;5;7;365;1,459;0,017;9;0,438;0,495;0;0
6355;6;5;6;0;0,110435373;1;0,323141422;0,6;0;4
1799;10;18;1798;92,077;0,044;123;0,989;0,99;0;0
2468;7;4;17;24,06537628;0,392258766;12;0,479471339;0,7;0;1
5803;9;9;13;20,95819902;0,146073336;6;0,807423978;0,9;0;3
1267;9;8;1266;32,179;0,045;103;0,886;0,891;0;0
5679;9;3;0;0;0,047052497;1;0,301884069;0,9;0;3
1618;10;9;1617;199,731;0,034;507;1,246;0,99;1;0
1426;9;16;1425;7,514;0,031;12;0,73;0,891;0;0
2430;7;2;19;1,206068993;0,063101911;6;0,527060255;0,7;0;1
3352;5;5;2;0;0,009822424;1;0,360270221;0,5;0;2
5262;7;8;11;2,226127148;0,091000896;2;0,684921229;0,7;0;3
4325;9;7;14;199,999;1,082198239;14;1,46787676;0,9;1;2
2143;4;6;11;27,20355606;0,316582403;4;0,201351292;0,4;0;1
6759;8;6;0;11,71667051;0,075728572;2;0,317283528;0,8;0;4
1732;10;15;1731;8,898;0,028;13;0,819;0,99;0;0
422;6;2;421;33,579;0,387;502;0,591;0,594;0;0
1779;10;17;1778;6,34;0,019;8;0,956;0,99;0;0
3521;6;6;10;1,635093212;0,049074914;3;0,187442341;0,6;0;2
1753;10;16;1752;5,357;0,022;7;0,835;0,99;0;0
5172;7;3;2;199,999;0,012516518;268;1,314253;0,7;1;3
2398;6;6;8;0;0,022105904;1;0,392893318;0,6;0;1
5479;8;7;0;199,999;1,054228483;9;0,936519546;0,8;1;3
2864;10;15;13;199,999;0,667801091;14;1,531430067;1;1;2
5130;7;11;19;21,83424902;0,095810209;5;0,06984939;0,7;0;3
3487;6;4;16;0;0,010155713;1;0,440244319;0,6;0;2
3339;5;4;9;0,346019745;0,007361405;2;0,14330828;0,5;0;2
1042;8;11;1041;11,615;0,028;31;0,786;0,792;0;0
6270;5;7;1;9,760558605;1,178498884;2;0,00811816;0,5;0;4
114;3;4;113;0,909;0,016;17;0,155;0,297;0;0
7090;9;9;1;20,14315224;0,692708014;2;0,86485397;0,9;0;4
1394;9;14;1393;152,705;0,112;297;0,887;0,891;0;0
5086;6;9;15;37,74015856;0,69964754;10;0,53377382;0,6;0;3
497;6;5;496;199,996;0,028;1596;2,908;0,594;1;0
1153;9;2;1152;0;0;0;0,111;0,891;0;0
6524;7;5;14;35,89305258;0,275524459;4;0,330244016;0,7;0;4
409;6;1;408;0,322;0,007;6;0,152;0,594;0;0
3794;7;8;4;93,62835503;0,157504371;13;0,607744877;0,7;0;2
3213;4;3;3;0,672038555;0,046101202;2;0,251489537;0,4;0;2
3099;10;9;9;6,201354504;0,08912402;5;0,909820397;1;0;2
4919;5;7;9;3,650208473;0,072146187;3;0,153083308;0,5;0;3
7025;9;6;15;10,31659031;0,724617141;2;0,149547337;0,9;0;4
5894;10;13;5;12,26370144;0,581096369;2;0,2913319;1;0;4
5705;9;4;15;12,15269518;0,792582255;4;0,733577398;0,9;0;3
1770;10;17;1769;199,879;0,06;283;2,329;0,99;1;0
887;8;3;886;28,798;0,042;232;0,779;0,792;0;0
2882;10;16;11;83,11775398;1,206081341;10;0,61557539;1;0;2
5013;6;5;3;2,819160938;0,703964084;2;0,453930998;0,6;0;3
54;3;1;53;0,286;0,01;11;0,056;0,297;0;0
2403;7;1;12;0,233013153;0,011535;4;0,661253161;0,7;0;1
3549;6;7;18;10,54960346;0,069478248;7;0,497167529;0,6;0;2
3044;10;7;13;43,54149055;0,319013027;6;0,907284724;1;0;2
176;4;3;175;0,692;0,015;11;0,163;0,396;0;0
6125;3;4;15;2,729156017;0,035891627;2;0,240947534;0,3;0;4
6474;7;11;5;5,70532608;0,072078999;2;0,249004329;0,7;0;4
367;5;7;366;2,114;0,018;14;0,468;0,495;0;0
648;7;3;647;0,932;0,012;8;0,488;0,693;0;0
4566;10;3;15;0;0,16664528;1;0,111327423;1;0;3
4310;9;6;19;4,542259693;0,053194397;4;0,732958787;0,9;0;2
962;8;7;961;8,011;0,064;32;0,77;0,792;0;0
1299;9;9;1298;9,599;0,063;27;0,877;0,891;0;0
1980;3;1;9;0;0,008109;1;0,000124759;0,3;0;1
6596;7;8;7;20,27015924;0,869782937;3;0,594660606;0,7;0;4
2950;10;2;19;0;0,084528779;1;0,127466476;1;0;2
5893;10;13;4;160,8241987;1,212220193;7;0,93062052;1;0;4
2218;5;3;8;3,034173489;0,989741387;8;0,470031901;0,5;0;1
6367;6;6;17;4,720270157;0,1139948;2;0,127664733;0,6;0;4
6472;7;11;3;40,75133085;0,378640736;4;0,119820393;0,7;0;4
2068;4;2;16;0;0,012143372;1;0,259266971;0,4;0;1
4305;9;6;14;5,510314941;0,64087144;3;0,608726326;0,9;0;2
1358;9;12;1357;47,671;0,037;106;0,886;0,891;0;0
1235;9;6;1234;3,389;0,018;13;0,859;0,891;0;0
6006;10;4;16;199,999;0,134631743;60;8,579708056;1;1;4
4391;10;10;1;199,999;0,271807183;17;1,259631583;1;1;3
5734;9;5;5;101,8248239;0,795795189;10;0,852664183;0,9;0;3
2226;5;4;15;29,23367214;0,085647317;24;0,221417569;0,5;0;1
395;5;8;394;4,795;0,019;29;0,475;0,495;0;0
3209;4;3;18;1,194068432;0,695531054;2;0,021698092;0,4;0;2
4255;9;3;5;1,039059639;0,012106628;2;0,063891376;0,9;0;2
3768;7;7;17;199,999;0,113504798;14;1,048521604;0,7;1;2
2574;8;3;4;3,438196659;0,076975887;5;0,705344852;0,8;0;1
1086;8;13;1085;199,633;0,109;470;0,843;0,792;1;0
757;7;8;756;199,792;0,034;863;0,844;0,693;1;0
2139;4;5;8;66,4368;0,013434774;23;0,288600522;0,4;0;1
967;8;7;966;199,868;0,081;786;1,169;0,792;1;0
2637;8;6;7;124,8141394;0,220640385;7;0,686134709;0,8;0;1
1471;10;2;1470;25,061;0,025;204;0,987;0,99;0;0
4300;9;6;0;25,21344233;0,084853499;7;0,562042163;0,9;0;2
2965;10;3;14;2,830161572;0,380018445;2;0,507976808;1;0;2
4332;9;7;2;21,89325237;0,061965944;7;0,554375034;0,9;0;2
4366;9;9;15;32,54186106;1,009201408;8;0,462226916;0,9;0;2
580;6;9;579;2,269;0,028;10;0,513;0,594;0;0
4262;9;4;11;199,999;0,154165322;428;1,655302562;0,9;1;2
1197;9;4;1196;156,627;0,052;896;0,89;0,891;0;0
5656;9;15;7;41,77038908;0,13008509;6;0,883465192;0,9;0;3
4589;10;4;18;2,211126328;0,059455403;2;0,323928804;1;0;3
2697;9;3;7;4,439253807;0,040462948;6;0,416189092;0,9;0;1
4279;9;4;9;4,135236263;0,096455706;4;0,796633795;0,9;0;2
884;8;3;883;21,991;0,057;177;0,789;0,792;0;0
2832;10;13;2;199,999;1,278479504;19;1,736056615;1;1;2
6591;7;8;2;34,74198723;1,062196737;3;0,165550347;0,7;0;4
3761;7;7;10;12,91673851;0,618807343;6;0,531042072;0,7;0;2
2884;10;16;13;120,2628784;0,95651034;10;0,61453036;1;0;2
6007;10;4;17;0;0,050275082;1;0,347489521;1;0;4
4292;9;5;2;13,8067894;0,689192232;11;0,143180958;0,9;0;2
708;7;6;707;37,13;0,077;193;0,69;0,693;0;0
4951;6;10;1;7,285416603;0,197119857;3;0,131216976;0,6;0;3
3097;10;9;7;199,999;1,157876401;43;1,300843177;1;1;2
4621;10;6;10;9,481542587;1,104371982;2;0,224356014;1;0;3
6425;6;9;15;17,08797741;0,69964754;4;0,240282803;0,6;0;4
2161;5;1;10;0,234013557;0,044871;6;0,014025008;0,5;0;1
2715;9;4;5;35,0230031;0,388712779;14;0,443906915;0,9;0;1
1054;8;11;1053;95,897;0,107;262;0,791;0,792;0;0
6553;7;6;4;199,999;0,955763886;75;0,861260468;0,7;1;4
5286;7;9;15;19,3121047;0,04793528;5;0,39736178;0,7;0;3
2817;10;12;7;17,86002159;0,775792813;5;0,534245287;1;0;2
6647;8;11;17;45,54360485;0,915722085;3;0,703993413;0,8;0;4
3037;10;6;7;0;0,012751247;1;0,446359295;1;0;2
5890;10;13;1;71,25307512;0,949841763;3;0,740176453;1;0;4
4494;10;15;4;31,05277634;1,257880587;3;0,326015147;1;0;3
2417;7;1;7;0,080004215;0,005162;2;0,396889611;0,7;0;1
4373;9;9;3;199,999;0,461440487;14;2,891353649;0,9;1;2
4328;9;7;17;199,999;1,253412166;20;1,638917251;0,9;1;2
6204;5;4;14;7,429424763;0,921057708;2;0,172878322;0,5;0;4
5362;8;13;12;32,00683069;1,132761219;4;0,673724109;0,8;0;3
1236;9;6;1235;199,971;0,049;825;1,336;0,891;1;0
263;5;2;262;0,275;0,005;4;0,272;0,495;0;0
673;7;4;672;0,76;0,011;5;0,563;0,693;0;0
1533;10;5;1532;157,99;0,19;645;0,987;0,99;0;0
3246;4;5;15;2,252129078;0,089421052;7;0,382383338;0,4;0;2
1006;8;9;1005;40,408;0,118;126;0,787;0,792;0;0
4746;4;3;15;0;0,048142689;1;0,130200247;0,4;0;3
5668;9;16;18;65,96177244;0,140181307;15;0,071119906;0,9;0;3
2745;9;6;14;199,999;0,64087144;11;0,376855873;0,9;1;1
4290;9;5;19;199,999;0,977370743;88;2,246742901;0,9;1;2
164;4;3;163;38,176;0,026;681;0,394;0,396;0;0
1757;10;16;1756;199,537;0,062;299;3,793;0,99;1;0
246;5;1;245;0,231;0,006;5;0,102;0,495;0;0
3298;5;2;8;0,585033417;0,180260042;2;0,049129144;0,5;0;2
4467;10;14;16;33,55791903;0,69238935;6;0,589489525;1;0;3
7095;9;9;6;57,96631527;0,19260756;4;0,835689396;0,9;0;4
5284;7;9;13;4,927281857;0,076588595;3;0,352615298;0,7;0;3
450;6;3;449;3,596;0,011;41;0,588;0,594;0;0
1187;9;4;1186;1,93;0,019;10;0,851;0,891;0;0
6390;6;7;1;16,76695919;0,559785418;3;0,286582556;0,6;0;4
3292;5;2;2;0,314017773;0,005918492;2;0,24019958;0,5;0;2
5216;7;5;6;6,958397865;0,018461118;3;0,178769891;0,7;0;3
2913;10;17;3;74,64726973;1,256512652;12;0,484268668;1;0;2
2109;4;4;17;4,988285542;0,088807776;6;0,361703922;0,4;0;1
4628;10;6;17;5,530316353;0,215743401;2;0,898551785;1;0;3
7039;9;7;0;25,00643015;0,096037722;2;0,279566087;0,9;0;4
436;6;2;435;3,887;0,011;57;0,389;0,594;0;0
6440;7;10;10;7,50442934;0,183449941;2;0,438875523;0,7;0;4
6962;9;16;12;107,2091322;0,632870227;5;0,893653741;0,9;0;4
2742;9;6;11;199,999;1,154220628;23;0,280903332;0,9;1;1
